{
  "anova_interaction_pvalue": 6.31121029767139e-57,
  "cohens_d_deit": 5.756961015032197,
  "cohens_d_resnet": 5.786522052604589,
  "interaction_delta": -0.004786457356514173
}